{"j_base_collar_L": [1.048,1.048,1.048],
"j_base_arm_L": [0.965,0.965,0.965],
"j_base_hand_L": [0.985,0.985,0.985],
"j_base_wrist_L": [0.985,0.985,0.985],
"j_base_cape_L": [0.965,0.965,0.965],
"j_base_shoulder_L": [0.965,0.965,0.965],
"j_base_collar_R": [1.048,1.048,1.048],
"j_base_arm_R": [0.965,0.965,0.965],
"j_base_hand_R": [0.985,0.985,0.985],
"j_base_wrist_R": [0.985,0.985,0.985],
"j_base_cape_R": [0.965,0.965,0.965],
"j_base_shoulder_R": [0.965,0.965,0.965],
"j_base_neck": [1.03,1.03,1.03],
"j_base_head": [0.97,0.97,0.97],
"j_base_upleg_L": [1.045,1.045,1.045],
"j_base_foot_L": [0.995,0.995,0.995],
"j_base_upleg_R": [1.045,1.045,1.045],
"j_base_foot_R": [0.995,0.995,0.995],
"p_base_bust_R": [1.1299999952316284,1.5,1.5],
"p_base_bust_L": [1.1299999952316284,1.5,1.5]}
