{"j_base_hip": [0.98,0.98,0.98],
"j_base_arm_L": [0.959,0.959,0.959],
"j_base_hand_L": [1.065,1.065,1.065],
"j_base_wrist_L": [1.065,1.065,1.065],
"j_base_cape_L": [0.959,0.959,0.959],
"j_base_shoulder_L": [0.959,0.959,0.959],
"j_base_arm_R": [0.959,0.959,0.959],
"j_base_hand_R": [1.065,1.065,1.065],
"j_base_wrist_R": [1.065,1.065,1.065],
"j_base_cape_R": [0.959,0.959,0.959],
"j_base_shoulder_R": [0.959,0.959,0.959],
"j_base_neck": [0.9671875,0.9671875,0.9671875],
"j_base_head": [1.051016,1.051016,1.051016],
"j_base_upleg_L": [0.955,0.955,0.955],
"j_base_foot_L": [1.04,1.04,1.04],
"j_base_upleg_R": [0.955,0.955,0.955],
"j_base_foot_R": [1.04,1.04,1.04],
"p_base_bust_R": [0.920000016689301,0.920000016689301,0.920000016689301],
"p_base_bust_L": [0.920000016689301,0.920000016689301,0.920000016689301]}
