{"p_base_bust_R": [1.1299999952316284,1.5,1.5],
"p_base_bust_L": [1.1299999952316284,1.5,1.5]}