{"p_base_bust_R": [0.920000016689301,0.920000016689301,0.920000016689301],
"p_base_bust_L": [0.920000016689301,0.920000016689301,0.920000016689301]}
